mouse,gender,genotype,age,endpoint,measure,tissue
HW5,F,+/+,3,Pde10a,1.066136,striatum
HW1,F,+/+,3,Pde10a,1.316447,striatum
HW2,F,+/+,3,Pde10a,1.961511,striatum
HW3,F,+/+,3,Pde10a,1.728492,striatum
HW4,F,+/+,3,Pde10a,1.884108,striatum
HV1,M,+/+,3,Pde10a,1.225728,striatum
HV2,M,+/+,3,Pde10a,1.018762,striatum
HV3,M,+/+,3,Pde10a,0.997443,striatum
HV4,M,+/+,3,Pde10a,0.920369,striatum
HZ1,F,Q111/+,3,Pde10a,1.324741,striatum
HZ2,F,Q111/+,3,Pde10a,1.370272,striatum
HZ3,F,Q111/+,3,Pde10a,1.339861,striatum
HZ4,F,Q111/+,3,Pde10a,1.467716,striatum
HX5,M,Q111/+,3,Pde10a,0.910466,striatum
HX1,M,Q111/+,3,Pde10a,1.195223,striatum
HX2,M,Q111/+,3,Pde10a,1.039878,striatum
HX3,M,Q111/+,3,Pde10a,0.820869,striatum
HX4,M,Q111/+,3,Pde10a,1.22516,striatum
FW5,F,+/+,9,Pde10a,1.144006,striatum
FW1,F,+/+,9,Pde10a,1.410983,striatum
FW2,F,+/+,9,Pde10a,1.273031,striatum
FW3,F,+/+,9,Pde10a,1.423595,striatum
FW4,F,+/+,9,Pde10a,1.312141,striatum
MW1,M,+/+,9,Pde10a,1.694696,striatum
MW2,M,+/+,9,Pde10a,1.418259,striatum
MW3,M,+/+,9,Pde10a,0.217782,striatum
MW4,M,+/+,9,Pde10a,1.470992,striatum
FH1,F,Q111/+,9,Pde10a,0.61239,striatum
FH2,F,Q111/+,9,Pde10a,0.662067,striatum
FH3,F,Q111/+,9,Pde10a,0.242043,striatum
FH4,F,Q111/+,9,Pde10a,0.813929,striatum
MH5,M,Q111/+,9,Pde10a,0.091492,striatum
MH1,M,Q111/+,9,Pde10a,0.809636,striatum
MH2,M,Q111/+,9,Pde10a,0.932021,striatum
MH3,M,Q111/+,9,Pde10a,0.713025,striatum
MH4,M,Q111/+,9,Pde10a,1.194585,striatum
JY5,F,+/+,12,Pde10a,1.80249,striatum
JX5,M,Q111/+,12,Pde10a,0.504189,striatum
JW1,M,+/+,12,Pde10a,0.867916,striatum
JW2,M,+/+,12,Pde10a,1.236692,striatum
JW3,M,+/+,12,Pde10a,0.995216,striatum
JW4,M,+/+,12,Pde10a,1.437514,striatum
JX1,M,Q111/+,12,Pde10a,0.599248,striatum
JX2,M,Q111/+,12,Pde10a,0.602181,striatum
JX3,M,Q111/+,12,Pde10a,0.963495,striatum
JX4,M,Q111/+,12,Pde10a,1.518924,striatum
JY1,F,+/+,12,Pde10a,1.722692,striatum
JY2,F,+/+,12,Pde10a,2.294867,striatum
JY3,F,+/+,12,Pde10a,1.185949,striatum
JY4,F,+/+,12,Pde10a,1.324445,striatum
JZ1,F,Q111/+,12,Pde10a,0.952292,striatum
JZ2,F,Q111/+,12,Pde10a,0.715652,striatum
JZ3,F,Q111/+,12,Pde10a,0.664803,striatum
JZ4,F,Q111/+,12,Pde10a,0.65905,striatum
HV1,M,+/+,3,Penk,1.280899,striatum
HV2,M,+/+,3,Penk,1.057766,striatum
HV3,M,+/+,3,Penk,0.957654,striatum
HV4,M,+/+,3,Penk,1.027751,striatum
HW1,F,+/+,3,Penk,1.465606,striatum
HW2,F,+/+,3,Penk,1.926174,striatum
HW3,F,+/+,3,Penk,1.789585,striatum
HW4,F,+/+,3,Penk,2.111031,striatum
HW5,F,+/+,3,Penk,0.981286,striatum
HX1,M,Q111/+,3,Penk,1.025145,striatum
HX2,M,Q111/+,3,Penk,1.097768,striatum
HX3,M,Q111/+,3,Penk,0.826796,striatum
HX5,M,Q111/+,3,Penk,0.878354,striatum
HZ1,F,Q111/+,3,Penk,1.294055,striatum
HZ2,F,Q111/+,3,Penk,1.365597,striatum
HZ3,F,Q111/+,3,Penk,1.406739,striatum
HZ4,F,Q111/+,3,Penk,1.477939,striatum
FW1,F,+/+,9,Penk,1.407184,striatum
FW2,F,+/+,9,Penk,1.338606,striatum
FW3,F,+/+,9,Penk,1.314579,striatum
FW4,F,+/+,9,Penk,1.431586,striatum
FW5,F,+/+,9,Penk,0.845241,striatum
MW1,M,+/+,9,Penk,1.652972,striatum
MW2,M,+/+,9,Penk,1.438628,striatum
MW3,M,+/+,9,Penk,1.330325,striatum
MW4,M,+/+,9,Penk,1.534899,striatum
FH1,F,Q111/+,9,Penk,0.606847,striatum
FH2,F,Q111/+,9,Penk,0.638261,striatum
FH3,F,Q111/+,9,Penk,1.343038,striatum
FH4,F,Q111/+,9,Penk,0.714298,striatum
MH1,M,Q111/+,9,Penk,0.895549,striatum
MH2,M,Q111/+,9,Penk,0.768549,striatum
MH3,M,Q111/+,9,Penk,0.783028,striatum
MH4,M,Q111/+,9,Penk,1.072198,striatum
MH5,M,Q111/+,9,Penk,0.417165,striatum
JY5,F,+/+,12,Penk,1.536434,striatum
JX5,M,Q111/+,12,Penk,0.533854,striatum
JW1,M,+/+,12,Penk,1.008352,striatum
JW2,M,+/+,12,Penk,1.082147,striatum
JW3,M,+/+,12,Penk,1.053771,striatum
JW4,M,+/+,12,Penk,1.122456,striatum
JX1,M,Q111/+,12,Penk,0.541253,striatum
JX2,M,Q111/+,12,Penk,0.584759,striatum
JX3,M,Q111/+,12,Penk,1.085918,striatum
JX4,M,Q111/+,12,Penk,1.567002,striatum
JY1,F,+/+,12,Penk,1.200476,striatum
JY2,F,+/+,12,Penk,2.076768,striatum
JY3,F,+/+,12,Penk,1.053684,striatum
JY4,F,+/+,12,Penk,1.360133,striatum
JZ1,F,Q111/+,12,Penk,1.074719,striatum
JZ2,F,Q111/+,12,Penk,0.71565,striatum
JZ3,F,Q111/+,12,Penk,0.729363,striatum
JZ4,F,Q111/+,12,Penk,0.672345,striatum
HW5,F,+/+,3,Sqstm1,0.670676,striatum
HW1,F,+/+,3,Sqstm1,1.239024,striatum
HW2,F,+/+,3,Sqstm1,1.775239,striatum
HW3,F,+/+,3,Sqstm1,1.559151,striatum
HW4,F,+/+,3,Sqstm1,1.894542,striatum
HV1,M,+/+,3,Sqstm1,0.945169,striatum
HV2,M,+/+,3,Sqstm1,0.643282,striatum
HV3,M,+/+,3,Sqstm1,0.592843,striatum
HV4,M,+/+,3,Sqstm1,0.556524,striatum
HZ1,F,Q111/+,3,Sqstm1,0.92535,striatum
HZ2,F,Q111/+,3,Sqstm1,1.13571,striatum
HZ3,F,Q111/+,3,Sqstm1,1.1428,striatum
HZ4,F,Q111/+,3,Sqstm1,1.30233,striatum
HX5,M,Q111/+,3,Sqstm1,0.647283,striatum
HX1,M,Q111/+,3,Sqstm1,0.696045,striatum
HX2,M,Q111/+,3,Sqstm1,0.77616,striatum
HX3,M,Q111/+,3,Sqstm1,0.597686,striatum
HX4,M,Q111/+,3,Sqstm1,1.012238,striatum
FW5,F,+/+,9,Sqstm1,0.868849,striatum
FW1,F,+/+,9,Sqstm1,1.15891,striatum
FW2,F,+/+,9,Sqstm1,1.074603,striatum
FW3,F,+/+,9,Sqstm1,1.074134,striatum
FW4,F,+/+,9,Sqstm1,1.224214,striatum
MW1,M,+/+,9,Sqstm1,1.533362,striatum
MW2,M,+/+,9,Sqstm1,1.119101,striatum
MW3,M,+/+,9,Sqstm1,0.860037,striatum
MW4,M,+/+,9,Sqstm1,1.235099,striatum
FH1,F,Q111/+,9,Sqstm1,0.617912,striatum
FH2,F,Q111/+,9,Sqstm1,0.738389,striatum
FH3,F,Q111/+,9,Sqstm1,1.781459,striatum
FH4,F,Q111/+,9,Sqstm1,1.022519,striatum
MH5,M,Q111/+,9,Sqstm1,0.280437,striatum
MH1,M,Q111/+,9,Sqstm1,1.419068,striatum
MH2,M,Q111/+,9,Sqstm1,0.963512,striatum
MH3,M,Q111/+,9,Sqstm1,0.858868,striatum
MH4,M,Q111/+,9,Sqstm1,1.481528,striatum
JY5,F,+/+,12,Sqstm1,1.534064,striatum
JX5,M,Q111/+,12,Sqstm1,0.679233,striatum
JW1,M,+/+,12,Sqstm1,0.644856,striatum
JW2,M,+/+,12,Sqstm1,0.768973,striatum
JW3,M,+/+,12,Sqstm1,0.648801,striatum
JW4,M,+/+,12,Sqstm1,0.87171,striatum
JX1,M,Q111/+,12,Sqstm1,0.541825,striatum
JX3,M,Q111/+,12,Sqstm1,1.488126,striatum
JX4,M,Q111/+,12,Sqstm1,2.193273,striatum
JY1,F,+/+,12,Sqstm1,0.831089,striatum
JY2,F,+/+,12,Sqstm1,1.772281,striatum
JY3,F,+/+,12,Sqstm1,0.643796,striatum
JY4,F,+/+,12,Sqstm1,0.920001,striatum
JZ1,F,Q111/+,12,Sqstm1,1.260654,striatum
JZ2,F,Q111/+,12,Sqstm1,0.842859,striatum
JZ3,F,Q111/+,12,Sqstm1,0.944392,striatum
JZ4,F,Q111/+,12,Sqstm1,0.790674,striatum
JW1,M,+/+,12,Drd1a,0.956883759,striatum
JW2,M,+/+,12,Drd1a,1.235887679,striatum
JW3,M,+/+,12,Drd1a,1.271479789,striatum
JW4,M,+/+,12,Drd1a,0.956043749,striatum
JY1,F,+/+,12,Drd1a,0.652732196,striatum
JY2,F,+/+,12,Drd1a,1.224769643,striatum
JY3,F,+/+,12,Drd1a,0.900285191,striatum
JY4,F,+/+,12,Drd1a,0.802635647,striatum
JY5,F,+/+,12,Drd1a,1.594960745,striatum
HW5,F,+/+,3,Drd1a,0.811408901,striatum
FW5,F,+/+,9,Drd1a,1.370098177,striatum
HW1,F,+/+,3,Drd1a,1.570181104,striatum
HW2,F,+/+,3,Drd1a,2.084982731,striatum
HW3,F,+/+,3,Drd1a,1.798996296,striatum
HW4,F,+/+,3,Drd1a,2.368428881,striatum
HV1,M,+/+,3,Drd1a,1.044994098,striatum
HV2,M,+/+,3,Drd1a,0.885498618,striatum
HV3,M,+/+,3,Drd1a,0.671962077,striatum
HV4,M,+/+,3,Drd1a,0.626306581,striatum
FW1,F,+/+,9,Drd1a,1.64452933,striatum
FW2,F,+/+,9,Drd1a,1.387071762,striatum
FW3,F,+/+,9,Drd1a,1.3904775,striatum
FW4,F,+/+,9,Drd1a,1.414883419,striatum
MW1,M,+/+,9,Drd1a,1.472088751,striatum
MW2,M,+/+,9,Drd1a,1.44777177,striatum
MW3,M,+/+,9,Drd1a,0.848514359,striatum
MW4,M,+/+,9,Drd1a,1.717633926,striatum
JX1,M,Q111/+,12,Drd1a,0.326691376,striatum
JX2,M,Q111/+,12,Drd1a,0.838335206,striatum
JX3,M,Q111/+,12,Drd1a,0.624431667,striatum
JX4,M,Q111/+,12,Drd1a,0.655376484,striatum
JX5,M,Q111/+,12,Drd1a,0.806150236,striatum
JZ1,F,Q111/+,12,Drd1a,0.4697017,striatum
JZ2,F,Q111/+,12,Drd1a,0.246190659,striatum
JZ3,F,Q111/+,12,Drd1a,0.551159659,striatum
JZ4,F,Q111/+,12,Drd1a,0.537937052,striatum
HX5,M,Q111/+,3,Drd1a,0.613084362,striatum
MH5,M,Q111/+,9,Drd1a,0.481480829,striatum
HZ1,F,Q111/+,3,Drd1a,1.13170806,striatum
HZ2,F,Q111/+,3,Drd1a,0.801701743,striatum
HZ3,F,Q111/+,3,Drd1a,1.334079823,striatum
HZ4,F,Q111/+,3,Drd1a,1.384266798,striatum
HX1,M,Q111/+,3,Drd1a,0.981325431,striatum
HX2,M,Q111/+,3,Drd1a,0.778005743,striatum
HX3,M,Q111/+,3,Drd1a,0.728404672,striatum
HX4,M,Q111/+,3,Drd1a,1.172866278,striatum
FH1,F,Q111/+,9,Drd1a,0.578365589,striatum
FH2,F,Q111/+,9,Drd1a,0.596464386,striatum
FH3,F,Q111/+,9,Drd1a,0.889274493,striatum
FH4,F,Q111/+,9,Drd1a,0.758728392,striatum
MH1,M,Q111/+,9,Drd1a,0.901918735,striatum
MH2,M,Q111/+,9,Drd1a,0.735281316,striatum
MH3,M,Q111/+,9,Drd1a,0.676740893,striatum
MH4,M,Q111/+,9,Drd1a,1.199153109,striatum
HW5,F,+/+,3,Drd2,0.881571,striatum
HX5,M,Q111/+,3,Drd2,0.8217,striatum
FW5,F,+/+,9,Drd2,1.17296,striatum
MH5,M,Q111/+,9,Drd2,0.249367,striatum
HZ1,F,Q111/+,3,Drd2,1.068807,striatum
HZ2,F,Q111/+,3,Drd2,1.249289,striatum
HZ3,F,Q111/+,3,Drd2,1.293297,striatum
HZ4,F,Q111/+,3,Drd2,1.459566,striatum
HW1,F,+/+,3,Drd2,1.462737,striatum
HW2,F,+/+,3,Drd2,1.8571,striatum
HW3,F,+/+,3,Drd2,1.735308,striatum
HW4,F,+/+,3,Drd2,1.938561,striatum
HX1,M,Q111/+,3,Drd2,0.894442,striatum
HX2,M,Q111/+,3,Drd2,1.026123,striatum
HX3,M,Q111/+,3,Drd2,0.778357,striatum
HX4,M,Q111/+,3,Drd2,1.237068,striatum
HV1,M,+/+,3,Drd2,1.071284,striatum
HV2,M,+/+,3,Drd2,0.876683,striatum
HV3,M,+/+,3,Drd2,0.820853,striatum
HV4,M,+/+,3,Drd2,0.719484,striatum
FH1,F,Q111/+,9,Drd2,0.622836,striatum
FH2,F,Q111/+,9,Drd2,0.703161,striatum
FH3,F,Q111/+,9,Drd2,1.137647,striatum
FH4,F,Q111/+,9,Drd2,0.814756,striatum
FW1,F,+/+,9,Drd2,1.348599,striatum
FW2,F,+/+,9,Drd2,1.311102,striatum
FW3,F,+/+,9,Drd2,1.306415,striatum
FW4,F,+/+,9,Drd2,1.485367,striatum
MH1,M,Q111/+,9,Drd2,1.020639,striatum
MH2,M,Q111/+,9,Drd2,0.812245,striatum
MH3,M,Q111/+,9,Drd2,0.745648,striatum
MH4,M,Q111/+,9,Drd2,1.138808,striatum
MW1,M,+/+,9,Drd2,1.680247,striatum
MW2,M,+/+,9,Drd2,1.324888,striatum
MW3,M,+/+,9,Drd2,0.431724,striatum
MW4,M,+/+,9,Drd2,1.834795,striatum
JY5,F,+/+,12,Drd2,1.618347,striatum
JX5,M,Q111/+,12,Drd2,0.490789,striatum
JW1,M,+/+,12,Drd2,0.858429,striatum
JW2,M,+/+,12,Drd2,0.88346,striatum
JW3,M,+/+,12,Drd2,0.915268,striatum
JW4,M,+/+,12,Drd2,1.097804,striatum
JX1,M,Q111/+,12,Drd2,0.600514,striatum
JX2,M,Q111/+,12,Drd2,0.658966,striatum
JX3,M,Q111/+,12,Drd2,1.137314,striatum
JX4,M,Q111/+,12,Drd2,1.68825,striatum
JY1,F,+/+,12,Drd2,1.179941,striatum
JY2,F,+/+,12,Drd2,1.863096,striatum
JY3,F,+/+,12,Drd2,0.889627,striatum
JY4,F,+/+,12,Drd2,1.165125,striatum
JZ1,F,Q111/+,12,Drd2,1.099216,striatum
JZ2,F,Q111/+,12,Drd2,0.702204,striatum
JZ3,F,Q111/+,12,Drd2,0.816896,striatum
JZ4,F,Q111/+,12,Drd2,0.64698,striatum
HW5,F,+/+,3,Darpp32,0.871073,striatum
HX5,M,Q111/+,3,Darpp32,0.805319,striatum
FW5,F,+/+,9,Darpp32,1.16791,striatum
MH5,M,Q111/+,9,Darpp32,0.538401,striatum
HZ1,F,Q111/+,3,Darpp32,1.180433,striatum
HZ2,F,Q111/+,3,Darpp32,1.262144,striatum
HZ3,F,Q111/+,3,Darpp32,1.438119,striatum
HZ4,F,Q111/+,3,Darpp32,1.494082,striatum
HW1,F,+/+,3,Darpp32,1.525539,striatum
HW2,F,+/+,3,Darpp32,1.986292,striatum
HW3,F,+/+,3,Darpp32,1.718536,striatum
HW4,F,+/+,3,Darpp32,2.004689,striatum
HX1,M,Q111/+,3,Darpp32,0.973837,striatum
HX2,M,Q111/+,3,Darpp32,1.00667,striatum
HX3,M,Q111/+,3,Darpp32,0.864982,striatum
HX4,M,Q111/+,3,Darpp32,1.509609,striatum
HV1,M,+/+,3,Darpp32,1.165058,striatum
HV2,M,+/+,3,Darpp32,0.998212,striatum
HV3,M,+/+,3,Darpp32,0.897236,striatum
HV4,M,+/+,3,Darpp32,0.850496,striatum
FH1,F,Q111/+,9,Darpp32,0.695329,striatum
FH2,F,Q111/+,9,Darpp32,0.778807,striatum
FH3,F,Q111/+,9,Darpp32,1.038066,striatum
FH4,F,Q111/+,9,Darpp32,0.913339,striatum
FW1,F,+/+,9,Darpp32,1.294808,striatum
FW3,F,+/+,9,Darpp32,1.300007,striatum
FW4,F,+/+,9,Darpp32,1.591938,striatum
MH1,F,+/+,9,Darpp32,1.066076,striatum
MH2,M,Q111/+,9,Darpp32,0.971349,striatum
MH3,M,Q111/+,9,Darpp32,0.875726,striatum
MH4,M,Q111/+,9,Darpp32,1.258005,striatum
MW1,M,Q111/+,9,Darpp32,1.665401,striatum
MW2,M,+/+,9,Darpp32,1.431134,striatum
MW3,M,+/+,9,Darpp32,0.452291,striatum
MW4,M,+/+,9,Darpp32,1.548375,striatum
JY5,F,+/+,12,Darpp32,1.870038,striatum
JX5,M,Q111/+,12,Darpp32,0.461838,striatum
JW1,M,+/+,12,Darpp32,0.898127,striatum
JW2,M,+/+,12,Darpp32,1.023799,striatum
JW3,M,+/+,12,Darpp32,0.93846,striatum
JW4,M,+/+,12,Darpp32,1.050403,striatum
JX1,M,Q111/+,12,Darpp32,0.463912,striatum
JX2,M,Q111/+,12,Darpp32,0.531617,striatum
JX3,M,Q111/+,12,Darpp32,1.154059,striatum
JX4,M,Q111/+,12,Darpp32,1.816384,striatum
JY1,F,+/+,12,Darpp32,1.274743,striatum
JY2,F,+/+,12,Darpp32,2.745005,striatum
JY3,F,+/+,12,Darpp32,1.115792,striatum
JY4,F,+/+,12,Darpp32,1.426881,striatum
JZ1,F,Q111/+,12,Darpp32,1.206122,striatum
JZ2,F,Q111/+,12,Darpp32,0.740736,striatum
JZ3,F,Q111/+,12,Darpp32,0.812097,striatum
JZ4,F,Q111/+,12,Darpp32,0.817479,striatum
JY5,F,+/+,12,Scn4b,1.333303,striatum
JX5,M,Q111/+,12,Scn4b,0.592746,striatum
JW1,M,+/+,12,Scn4b,0.832378,striatum
JW2,M,+/+,12,Scn4b,1.286359,striatum
JW3,M,+/+,12,Scn4b,1.203884,striatum
JW4,M,+/+,12,Scn4b,1.446689,striatum
JX1,M,Q111/+,12,Scn4b,0.512285,striatum
JX2,M,Q111/+,12,Scn4b,0.680332,striatum
JX3,M,Q111/+,12,Scn4b,0.567829,striatum
JX4,M,Q111/+,12,Scn4b,0.787786,striatum
JY1,F,+/+,12,Scn4b,1.114942,striatum
JY2,F,+/+,12,Scn4b,1.482773,striatum
JY3,F,+/+,12,Scn4b,1.165593,striatum
JY4,F,+/+,12,Scn4b,1.056013,striatum
JZ1,F,Q111/+,12,Scn4b,0.569534,striatum
JZ2,F,Q111/+,12,Scn4b,0.647811,striatum
JZ3,F,Q111/+,12,Scn4b,0.503034,striatum
JZ4,F,Q111/+,12,Scn4b,0.63377,striatum
HW5,F,+/+,3,Scn4b,1.029277,striatum
HX5,M,Q111/+,3,Scn4b,0.853538,striatum
HZ1,F,Q111/+,3,Scn4b,1.247805,striatum
HZ2,F,Q111/+,3,Scn4b,1.230501,striatum
HZ3,F,Q111/+,3,Scn4b,1.500617,striatum
HZ4,F,Q111/+,3,Scn4b,1.64003,striatum
HW1,F,+/+,3,Scn4b,1.563353,striatum
HW2,F,+/+,3,Scn4b,2.34036,striatum
HW3,F,+/+,3,Scn4b,2.1032,striatum
HW4,F,+/+,3,Scn4b,2.588886,striatum
HX1,M,Q111/+,3,Scn4b,1.04816,striatum
HX2,M,Q111/+,3,Scn4b,0.854638,striatum
HX3,M,Q111/+,3,Scn4b,0.7147,striatum
HX4,M,Q111/+,3,Scn4b,0.980418,striatum
HV1,M,+/+,3,Scn4b,0.876996,striatum
HV2,M,+/+,3,Scn4b,1.037018,striatum
HV3,M,+/+,3,Scn4b,0.889288,striatum
HV4,M,+/+,3,Scn4b,0.835064,striatum
FW5,F,+/+,9,Scn4b,0.999562,striatum
FH1,F,Q111/+,9,Scn4b,0.470254,striatum
FH2,F,Q111/+,9,Scn4b,0.499718,striatum
FH4,F,Q111/+,9,Scn4b,0.624241,striatum
FW1,F,+/+,9,Scn4b,1.337714,striatum
FW2,F,+/+,9,Scn4b,0.921576,striatum
FW3,F,+/+,9,Scn4b,1.440809,striatum
FW4,F,+/+,9,Scn4b,0.947925,striatum
MH1,M,Q111/+,9,Scn4b,0.562687,striatum
MH2,M,Q111/+,9,Scn4b,0.742113,striatum
MH3,M,Q111/+,9,Scn4b,0.791905,striatum
MH4,M,Q111/+,9,Scn4b,0.850921,striatum
MW1,M,+/+,9,Scn4b,0.728504,striatum
MW2,M,+/+,9,Scn4b,1.420349,striatum
MW4,M,+/+,9,Scn4b,1.536961,striatum
HW5,F,+/+,3,Cnr1,1.168635,striatum
HX5,M,Q111/+,3,Cnr1,1.00613,striatum
HZ1,F,Q111/+,3,Cnr1,0.98248,striatum
HZ2,F,Q111/+,3,Cnr1,1.208821,striatum
HZ3,F,Q111/+,3,Cnr1,1.384951,striatum
HZ4,F,Q111/+,3,Cnr1,1.691717,striatum
HW1,F,+/+,3,Cnr1,1.47583,striatum
HW2,F,+/+,3,Cnr1,1.913028,striatum
HW3,F,+/+,3,Cnr1,1.97983,striatum
HW4,F,+/+,3,Cnr1,2.155136,striatum
HX1,M,Q111/+,3,Cnr1,1.133312,striatum
HX2,M,Q111/+,3,Cnr1,1.002179,striatum
HX3,M,Q111/+,3,Cnr1,0.901252,striatum
HX4,M,Q111/+,3,Cnr1,1.238295,striatum
HV1,M,+/+,3,Cnr1,1.078642,striatum
HV2,M,+/+,3,Cnr1,0.998473,striatum
HV3,M,+/+,3,Cnr1,1.019042,striatum
HV4,M,+/+,3,Cnr1,0.839509,striatum
FW5,F,+/+,9,Cnr1,1.464305,striatum
MH5,M,Q111/+,9,Cnr1,0.254608,striatum
FH1,F,Q111/+,9,Cnr1,0.647734,striatum
FH2,F,Q111/+,9,Cnr1,0.690375,striatum
FH3,F,Q111/+,9,Cnr1,0.192705,striatum
FH4,F,Q111/+,9,Cnr1,0.805807,striatum
FW1,F,+/+,9,Cnr1,1.386742,striatum
FW2,F,+/+,9,Cnr1,1.155111,striatum
FW3,F,+/+,9,Cnr1,1.363298,striatum
FW4,F,+/+,9,Cnr1,1.638333,striatum
MH1,M,Q111/+,9,Cnr1,0.895133,striatum
MH2,M,Q111/+,9,Cnr1,0.916315,striatum
MH3,M,Q111/+,9,Cnr1,0.854994,striatum
MH4,M,Q111/+,9,Cnr1,1.197761,striatum
MW1,M,+/+,9,Cnr1,2.253047,striatum
MW2,M,+/+,9,Cnr1,1.302623,striatum
MW3,M,+/+,9,Cnr1,0.140794,striatum
MW4,M,+/+,9,Cnr1,1.402263,striatum
JY5,F,+/+,12,Cnr1,4.408692,striatum
JX5,M,Q111/+,12,Cnr1,0.709752,striatum
JW1,M,+/+,12,Cnr1,1.328568,striatum
JW2,M,+/+,12,Cnr1,2.096546,striatum
JW3,M,+/+,12,Cnr1,1.505663,striatum
JW4,M,+/+,12,Cnr1,1.960351,striatum
JX1,M,Q111/+,12,Cnr1,0.8178,striatum
JX2,M,Q111/+,12,Cnr1,0.950185,striatum
JX3,M,Q111/+,12,Cnr1,2.134833,striatum
JX4,M,Q111/+,12,Cnr1,3.932602,striatum
JY1,F,+/+,12,Cnr1,2.009222,striatum
JY2,F,+/+,12,Cnr1,5.799429,striatum
JY3,F,+/+,12,Cnr1,1.587181,striatum
JY4,F,+/+,12,Cnr1,2.051464,striatum
JZ1,F,Q111/+,12,Cnr1,2.061326,striatum
JZ2,F,Q111/+,12,Cnr1,0.909268,striatum
JZ3,F,Q111/+,12,Cnr1,1.177914,striatum
JZ4,F,Q111/+,12,Cnr1,0.900445,striatum
FW5,F,+/+,9,Homer1,0.505608,striatum
MH5,M,Q111/+,9,Homer1,0.248955,striatum
HW5,F,+/+,3,Homer1,0.431675,striatum
HX5,M,Q111/+,3,Homer1,0.413339,striatum
FH1,F,Q111/+,9,Homer1,1.358801,striatum
FH2,F,Q111/+,9,Homer1,0.310294,striatum
FH3,F,Q111/+,9,Homer1,0.696951,striatum
FH4,F,Q111/+,9,Homer1,0.326208,striatum
FW1,F,+/+,9,Homer1,0.676829,striatum
FW2,F,+/+,9,Homer1,0.54284,striatum
FW3,F,+/+,9,Homer1,1.461806,striatum
FW4,F,+/+,9,Homer1,0.657769,striatum
MH1,M,Q111/+,9,Homer1,0.767192,striatum
MH2,M,Q111/+,9,Homer1,0.345672,striatum
MH3,M,Q111/+,9,Homer1,0.30705,striatum
MH4,M,Q111/+,9,Homer1,0.471593,striatum
MW1,M,+/+,9,Homer1,1.08503,striatum
MW2,M,+/+,9,Homer1,0.494338,striatum
MW3,M,+/+,9,Homer1,0.377803,striatum
MW4,M,+/+,9,Homer1,0.584908,striatum
HX1,M,Q111/+,3,Homer1,0.641191,striatum
HX2,M,Q111/+,3,Homer1,0.393141,striatum
HX3,M,Q111/+,3,Homer1,0.46724,striatum
HX4,M,Q111/+,3,Homer1,0.441648,striatum
HV1,M,+/+,3,Homer1,0.505674,striatum
HV2,M,+/+,3,Homer1,0.522127,striatum
HV3,M,+/+,3,Homer1,0.506334,striatum
HV4,M,+/+,3,Homer1,0.553047,striatum
HZ1,F,Q111/+,3,Homer1,0.996284,striatum
HZ2,F,Q111/+,3,Homer1,0.418903,striatum
HZ3,F,Q111/+,3,Homer1,0.690701,striatum
HZ4,F,Q111/+,3,Homer1,0.487701,striatum
HW1,F,+/+,3,Homer1,0.458332,striatum
HW2,F,+/+,3,Homer1,0.379755,striatum
HW3,F,+/+,3,Homer1,0.545381,striatum
HW4,F,+/+,3,Homer1,0.413033,striatum
JY5,F,+/+,12,Homer1,1.487899,striatum
JX5,M,Q111/+,12,Homer1,0.444244,striatum
JY1,F,+/+,12,Homer1,0.880037,striatum
JY2,F,+/+,12,Homer1,1.84918,striatum
JY3,F,+/+,12,Homer1,0.885403,striatum
JZ1,F,Q111/+,12,Homer1,0.82247,striatum
JZ2,F,Q111/+,12,Homer1,0.606339,striatum
JZ3,F,Q111/+,12,Homer1,0.580238,striatum
JZ4,F,Q111/+,12,Homer1,0.618777,striatum
JW1,M,+/+,12,Homer1,0.788443,striatum
JW2,M,+/+,12,Homer1,0.91301,striatum
JW3,M,+/+,12,Homer1,0.790776,striatum
JW4,M,+/+,12,Homer1,1.177891,striatum
JX1,M,Q111/+,12,Homer1,0.56686,striatum
JX2,M,Q111/+,12,Homer1,0.486092,striatum
JX3,M,Q111/+,12,Homer1,0.963791,striatum
JX4,M,Q111/+,12,Homer1,1.66215,striatum
HW5,F,+/+,3,Abhd1,0.179246,liver
HX5,M,Q111/+,3,Abhd1,1.789189,liver
HZ1,F,Q111/+,3,Abhd1,2.615167,liver
HZ2,F,Q111/+,3,Abhd1,0.10349,liver
HZ3,F,Q111/+,3,Abhd1,1.057101,liver
HZ4,F,Q111/+,3,Abhd1,1.285111,liver
HW1,F,+/+,3,Abhd1,0.163766,liver
HW2,F,+/+,3,Abhd1,0.122328,liver
HW3,F,+/+,3,Abhd1,0.133367,liver
HW4,F,+/+,3,Abhd1,0.258191,liver
HX1,M,Q111/+,3,Abhd1,1.831985,liver
HX2,M,Q111/+,3,Abhd1,2.065515,liver
HX3,M,Q111/+,3,Abhd1,1.401121,liver
HX4,M,Q111/+,3,Abhd1,1.655755,liver
HV1,M,+/+,3,Abhd1,0.107078,liver
HV2,M,+/+,3,Abhd1,0.245255,liver
HV3,M,+/+,3,Abhd1,0.054215,liver
HV4,M,+/+,3,Abhd1,0.116694,liver
MH1,M,Q111/+,9,Abhd1,2.73227,liver
MH3,M,Q111/+,9,Abhd1,1.715704,liver
MH4,M,Q111/+,9,Abhd1,1.391681,liver
MH5,M,Q111/+,9,Abhd1,2.433395,liver
MW1,M,+/+,9,Abhd1,0.20855,liver
MW2,M,+/+,9,Abhd1,0.309316,liver
MW3,M,+/+,9,Abhd1,0.206962,liver
FH1,F,Q111/+,9,Abhd1,2.034686,liver
FH2,F,Q111/+,9,Abhd1,3.258197,liver
FH3,F,Q111/+,9,Abhd1,2.893897,liver
FW1,F,+/+,9,Abhd1,0.104597,liver
FW2,F,+/+,9,Abhd1,0.075024,liver
FW3,F,+/+,9,Abhd1,0.099544,liver
FW4,F,+/+,9,Abhd1,0.30576,liver
JY9,F,+/+,12,Abhd1,0.069013,liver
JX5,M,Q111/+,12,Abhd1,1.463308,liver
JY3,F,+/+,12,Abhd1,0.172513,liver
JY4,F,+/+,12,Abhd1,0.104746,liver
JY5,F,+/+,12,Abhd1,0.141074,liver
JZ3,F,Q111/+,12,Abhd1,2.303242,liver
JZ4,F,Q111/+,12,Abhd1,1.989642,liver
JZ5,F,Q111/+,12,Abhd1,0.901025,liver
JZ6,F,Q111/+,12,Abhd1,2.307652,liver
JW1,M,+/+,12,Abhd1,0.134934,liver
JW2,M,+/+,12,Abhd1,0.092335,liver
JW3,M,+/+,12,Abhd1,0.102364,liver
JW4,M,+/+,12,Abhd1,0.238904,liver
JX1,M,Q111/+,12,Abhd1,0.154635,liver
JX2,M,Q111/+,12,Abhd1,2.997007,liver
JX3,M,Q111/+,12,Abhd1,4.716747,liver
JX4,M,Q111/+,12,Abhd1,0.974832,liver
JX5,M,Q111/+,12,Insig2,0.407224,liver
JY9,F,+/+,12,Insig2,0.537746,liver
JY3,F,+/+,12,Insig2,0.262227,liver
JY4,F,+/+,12,Insig2,0.746194,liver
JY5,F,+/+,12,Insig2,1.149017,liver
JZ3,F,Q111/+,12,Insig2,0.507232,liver
JZ4,F,Q111/+,12,Insig2,0.413608,liver
JZ5,F,Q111/+,12,Insig2,0.626722,liver
JZ6,F,Q111/+,12,Insig2,1.342683,liver
JW1,M,+/+,12,Insig2,2.24519,liver
JW2,M,+/+,12,Insig2,0.671025,liver
JW3,M,+/+,12,Insig2,0.611951,liver
JW4,M,+/+,12,Insig2,3.771046,liver
JX1,M,Q111/+,12,Insig2,0.851826,liver
JX2,M,Q111/+,12,Insig2,3.39515,liver
JX3,M,Q111/+,12,Insig2,4.957928,liver
JX4,M,Q111/+,12,Insig2,0.978423,liver
HV1,M,+/+,3,Insig2,1.43059,liver
HV2,M,+/+,3,Insig2,0.723281,liver
HV3,M,+/+,3,Insig2,1.276207,liver
HV4,M,+/+,3,Insig2,0.848024,liver
HW1,F,+/+,3,Insig2,1.4403,liver
HW2,F,+/+,3,Insig2,0.522854,liver
HW3,F,+/+,3,Insig2,0.301599,liver
HW5,F,+/+,3,Insig2,0.707219,liver
HX1,M,Q111/+,3,Insig2,1.193763,liver
HX2,M,Q111/+,3,Insig2,0.999517,liver
HX3,M,Q111/+,3,Insig2,0.520308,liver
HX4,M,Q111/+,3,Insig2,1.044007,liver
HX5,M,Q111/+,3,Insig2,1.190892,liver
HZ1,F,Q111/+,3,Insig2,3.314501,liver
HZ2,F,Q111/+,3,Insig2,0.993211,liver
HZ3,F,Q111/+,3,Insig2,0.952742,liver
HZ4,F,Q111/+,3,Insig2,1.431667,liver
FH1,F,Q111/+,9,Insig2,1.941536,liver
FH2,F,Q111/+,9,Insig2,2.614504,liver
FH3,F,Q111/+,9,Insig2,0.929422,liver
FW1,F,+/+,9,Insig2,0.474522,liver
FW2,F,+/+,9,Insig2,1.295618,liver
FW3,F,+/+,9,Insig2,1.689022,liver
FW4,F,+/+,9,Insig2,3.092351,liver
FW5,F,+/+,9,Insig2,0.591037,liver
MH1,M,Q111/+,9,Insig2,0.797196,liver
MH3,M,Q111/+,9,Insig2,0.509307,liver
MH4,M,Q111/+,9,Insig2,0.528962,liver
MH5,M,Q111/+,9,Insig2,0.635287,liver
MW1,M,+/+,9,Insig2,1.346338,liver
MW3,M,+/+,9,Insig2,1.380117,liver
HW1,F,+/+,3,Islr2,0.429087,striatum
HW2,F,+/+,3,Islr2,0.847579,striatum
HW4,F,+/+,3,Islr2,0.567485,striatum
HW5,F,+/+,3,Islr2,0.199858,striatum
HV2,M,+/+,3,Islr2,1.409737,striatum
HV3,M,+/+,3,Islr2,0.802031,striatum
HV4,M,+/+,3,Islr2,1.900015,striatum
HZ1,F,Q111/+,3,Islr2,0.618367,striatum
HZ4,F,Q111/+,3,Islr2,0.601198,striatum
HX1,M,Q111/+,3,Islr2,3.127161,striatum
HX2,M,Q111/+,3,Islr2,1.524571,striatum
HX3,M,Q111/+,3,Islr2,3.119152,striatum
HX4,M,Q111/+,3,Islr2,2.666769,striatum
HX5,M,Q111/+,3,Islr2,0.051789,striatum
FW1,F,+/+,9,Islr2,0.141804,striatum
FW2,F,+/+,9,Islr2,0.211361,striatum
FW3,F,+/+,9,Islr2,0.286969,striatum
FW4,F,+/+,9,Islr2,0.216774,striatum
FW5,F,+/+,9,Islr2,0.061729,striatum
MW1,M,+/+,9,Islr2,0.712273,striatum
MW2,M,+/+,9,Islr2,1.56853,striatum
MW3,M,+/+,9,Islr2,0.241881,striatum
MW4,M,+/+,9,Islr2,1.824187,striatum
FH1,F,Q111/+,9,Islr2,0.682184,striatum
FH2,F,Q111/+,9,Islr2,1.08199,striatum
FH3,F,Q111/+,9,Islr2,0.331473,striatum
FH4,F,Q111/+,9,Islr2,1.640627,striatum
MH2,M,Q111/+,9,Islr2,1.367046,striatum
MH3,M,Q111/+,9,Islr2,1.727276,striatum
MH4,M,Q111/+,9,Islr2,4.028339,striatum
MH5,M,Q111/+,9,Islr2,0.133088,striatum
JY5,F,+/+,12,Islr2,0.157368,striatum
JY1,F,+/+,12,Islr2,1.611886,striatum
JY2,F,+/+,12,Islr2,0.995289,striatum
JY3,F,+/+,12,Islr2,0.622303,striatum
JW1,M,+/+,12,Islr2,0.257557,striatum
JW2,M,+/+,12,Islr2,0.289467,striatum
JW3,M,+/+,12,Islr2,0.825726,striatum
JW4,M,+/+,12,Islr2,0.908216,striatum
JZ1,F,Q111/+,12,Islr2,1.579856,striatum
JZ2,F,Q111/+,12,Islr2,2.566603,striatum
JZ3,F,Q111/+,12,Islr2,2.048644,striatum
JZ4,F,Q111/+,12,Islr2,2.95626,striatum
JX5,M,Q111/+,12,Islr2,0.905701,striatum
JX1,M,Q111/+,12,Islr2,1.471465,striatum
JX2,M,Q111/+,12,Islr2,1.458465,striatum
JX3,M,Q111/+,12,Islr2,0.830917,striatum
JW1,M,+/+,12,H60b,0.950403,striatum
JW2,M,+/+,12,H60b,0.20538,striatum
JW3,M,+/+,12,H60b,0.370411,striatum
JW4,M,+/+,12,H60b,0.427634,striatum
JY1,F,+/+,12,H60b,0.103985,striatum
JY2,F,+/+,12,H60b,0.519791,striatum
JY3,F,+/+,12,H60b,0.03643,striatum
JY4,F,+/+,12,H60b,0.270231,striatum
JY5,F,+/+,12,H60b,0.424845,striatum
FW5,F,+/+,9,H60b,0.46083,striatum
HW5,F,+/+,3,H60b,0.218579,striatum
FW1,F,+/+,9,H60b,0.284144,striatum
FW2,F,+/+,9,H60b,0.291446,striatum
FW3,F,+/+,9,H60b,0.112358,striatum
FW4,F,+/+,9,H60b,0.342676,striatum
MW1,M,+/+,9,H60b,0.903953,striatum
MW2,M,+/+,9,H60b,0.26472,striatum
MW4,M,+/+,9,H60b,0.249281,striatum
HW1,F,+/+,3,H60b,0.18686,striatum
HW2,F,+/+,3,H60b,0.574278,striatum
HW4,F,+/+,3,H60b,0.664788,striatum
HV1,M,+/+,3,H60b,0.162676,striatum
HV2,M,+/+,3,H60b,0.394349,striatum
HV4,M,+/+,3,H60b,0.379251,striatum
JX1,M,Q111/+,12,H60b,2.138328,striatum
JX2,M,Q111/+,12,H60b,2.190594,striatum
JX3,M,Q111/+,12,H60b,1.618934,striatum
JX5,M,Q111/+,12,H60b,1.207814,striatum
JZ1,F,Q111/+,12,H60b,1.321948,striatum
JZ2,F,Q111/+,12,H60b,1.374145,striatum
JZ3,F,Q111/+,12,H60b,0.678693,striatum
JZ4,F,Q111/+,12,H60b,0.580268,striatum
MH5,M,Q111/+,9,H60b,0.093653,striatum
HX5,M,Q111/+,3,H60b,1.089392,striatum
FH1,F,Q111/+,9,H60b,1.549714,striatum
FH2,F,Q111/+,9,H60b,1.535363,striatum
FH3,F,Q111/+,9,H60b,0.422319,striatum
FH4,F,Q111/+,9,H60b,0.860263,striatum
MH2,M,Q111/+,9,H60b,3.272393,striatum
MH3,M,Q111/+,9,H60b,2.476387,striatum
MH4,M,Q111/+,9,H60b,2.224079,striatum
HZ1,F,Q111/+,3,H60b,0.258709,striatum
HZ4,F,Q111/+,3,H60b,0.89197,striatum
HX1,M,Q111/+,3,H60b,1.615786,striatum
HX2,M,Q111/+,3,H60b,0.446968,striatum
HX3,M,Q111/+,3,H60b,0.341332,striatum
HX4,M,Q111/+,3,H60b,0.288283,striatum
FW5,F,+/+,9,N4bp2,0.677825,striatum
HW5,F,+/+,3,N4bp2,0.524647,striatum
FW1,F,+/+,9,N4bp2,0.311308,striatum
FW2,F,+/+,9,N4bp2,0.475814,striatum
FW3,F,+/+,9,N4bp2,0.502223,striatum
FW4,F,+/+,9,N4bp2,0.769726,striatum
MW1,M,+/+,9,N4bp2,0.600374,striatum
MW2,M,+/+,9,N4bp2,0.981388,striatum
MW3,M,+/+,9,N4bp2,0.219376,striatum
MW4,M,+/+,9,N4bp2,1.084263,striatum
HW1,F,+/+,3,N4bp2,0.88214,striatum
HW2,F,+/+,3,N4bp2,0.821275,striatum
HW4,F,+/+,3,N4bp2,0.97444,striatum
HX2,M,+/+,3,N4bp2,1.104528,striatum
HX3,M,+/+,3,N4bp2,1.252345,striatum
HX4,M,+/+,3,N4bp2,1.346805,striatum
JW1,M,+/+,12,N4bp2,0.880635,striatum
JW2,M,+/+,12,N4bp2,0.459241,striatum
JW3,M,+/+,12,N4bp2,0.654953,striatum
JW4,M,+/+,12,N4bp2,0.543176,striatum
JY1,F,+/+,12,N4bp2,0.448875,striatum
JY2,F,+/+,12,N4bp2,0.499189,striatum
JY3,F,+/+,12,N4bp2,0.506663,striatum
JY4,F,+/+,12,N4bp2,0.450585,striatum
JY5,F,+/+,12,N4bp2,0.829289,striatum
MH5,M,Q111/+,9,N4bp2,0.892764,striatum
HX5,M,Q111/+,3,N4bp2,0.469177,striatum
FH1,F,Q111/+,9,N4bp2,1.060221,striatum
FH2,F,Q111/+,9,N4bp2,1.281554,striatum
FH3,F,Q111/+,9,N4bp2,0.638817,striatum
FH4,F,Q111/+,9,N4bp2,1.031608,striatum
MH2,M,Q111/+,9,N4bp2,1.452158,striatum
MH3,M,Q111/+,9,N4bp2,1.132645,striatum
MH4,M,Q111/+,9,N4bp2,1.344725,striatum
HZ1,F,Q111/+,3,N4bp2,1.110835,striatum
HZ4,F,Q111/+,3,N4bp2,0.719605,striatum
HV1,M,Q111/+,3,N4bp2,1.279491,striatum
HV2,M,Q111/+,3,N4bp2,1.063422,striatum
HV4,M,Q111/+,3,N4bp2,1.172864,striatum
HX1,M,Q111/+,3,N4bp2,1.193162,striatum
JX1,M,Q111/+,12,N4bp2,1.148632,striatum
JX2,M,Q111/+,12,N4bp2,0.963133,striatum
JX3,M,Q111/+,12,N4bp2,1.315401,striatum
JX5,M,Q111/+,12,N4bp2,0.895175,striatum
JZ1,F,Q111/+,12,N4bp2,0.774214,striatum
JZ2,F,Q111/+,12,N4bp2,0.595891,striatum
JZ3,F,Q111/+,12,N4bp2,0.680833,striatum
JZ4,F,Q111/+,12,N4bp2,0.604905,striatum
